topicId,words..
1,quality rebate great features functional public quiet earpiece comfortably route
2,people features durable trip heavily verizon logs answers band country
3,nokia features phone make record biggest convenient heavy scratched times
4,excellent speed problem fact standby colors scratch floors survived tone
5,games screen combination insurace bus photoshop provided ipaq mine night
6,cool transfer wireless people lots kde connect alot angeles rebate
7,buttons pocket clear pics adjust address activate forget cons annoying
8,gadgets synced carrier problems minus provider exists included delivered big
9,radio hard feet ability normal activated recognition missing touch prompt
10,long terrific talking hearing fun handling watch whirl south newer
11,bluetooth decent check couldn meant favorite unforutnately software series programs
12,ring standard perfect songs layout bad midi stars saved infrared
13,great ringtone users recorder unbelievably forget compact detroit remote stations
14,voice messaging learn offers battery mountains depending neat pop images
15,screen phone graphic beautiful postmark internet support superior short case
16,camera signal customer bored number apple vibration pants reasons strong
17,account high dropped call adds delighted keypad day warranty easily
18,hear ringing waiting runs ve converter ofcourse tri exceptional brisk
19,service mobile agents scratched business expected handsfree usb suggest ve
20,load contacts ringers close linux dialling rock clarity working recommmend
21,years menus customer heaven forward combines offered mmc southwest torture
22,phone tones bill calling hand bother extremely polyphonic groups assign
23,things nokia symbian kind file feature connected nifty poly loud
24,battery sound linux version generally year recent kentucky leave higher
25,wav ll meaning top eastern qualify glad expensive drove give
26,keys send color amazon photo syncing extra august assumed ton
27,good isync find quality plans family department superb polite rough
28,shape motorola highly gprs live level odd complaint los area
29,speakerphone fm download hardware pictures currency experienced cincinnati horrendous area
30,volume owned city sturdy personal appearance status picture friends multifunction
31,phone hands slow power days put effort impossible timing fairly
32,work os world fond unlike positive benefit made touched bottom
33,reception break excellent options minor takes telephone conference fits warranty
34,size small unavailable joystick requirments baby recommend booted kernel files
35,big menu nokia portability simple high full recordings loudspeaker process
36,time picture pretty road amazing checked parts suburbs game tuner
37,life calls tones headset troubles swap sliding complaints debian ears
38,video osx data places sprint finally horrible reached bought cable
39,bit slow card free outstanding wifi dail prefer person downloadable
40,phone takes thought poping detroit slower belkin wich kinda kits
41,phones cell recorders panasonic secs critter drop thing forms horrible
42,interface rings built access found page seamlessly promps infrared handsfree
43,perfectly fairly mail phone piece stopwatch mb weight areas returning
44,phone light listed pocket super crazy tedious issues scroll seconds
45,ringtones europe fine images lasts phone level love wo carrier
46,speaker menu text work don disturbance compatibility bulging prompt audio
47,phone feature easy web primarily catch upgradibility lose person megatones
48,email easier countries works shown stand stretches kentucky incredible setup
49,nice good mac decent isn area turn poor pages numbers
50,gsm sounds ve fit arrived polite regular stupid rebates steeply
